"","D1_AF334660","D103_AF174575","D112_AF174558","D113_AF174557","D5_EU812743","D1.10_HE579039","D1.8_HE579037","D106_AF174559","D111_AF174560","D114_AF174549","D116_AF174571","D122_EU074905","D3_AY686650","D104_AF174572","D110_AF174561","D1.3_JF683337","D105_AF174570","D1.6_HQ630881","D107_AF174568","D1.11_HE579040","D124_EU074897","D102_AF174573","D1a.2_JF683339","D11_EU812740","D2_AY686649","D109_AB097465","D8_EU812748","D100_AF411415","D119_EU099832","D1.1_AM748564","D1.2_AM748617"
"D1_AF334660",0,1,2,2,2,1,1,1,1,1,1,1,1,3,1,2,2,1,1,2,3,1,3,3,2,5,4,2,11,98,101
"D103_AF174575",1,0,3,3,3,2,2,2,2,2,2,2,2,4,2,3,3,2,2,3,4,2,4,4,3,6,5,3,12,99,102
"D112_AF174558",2,3,0,2,2,3,3,3,3,3,3,3,3,3,3,4,4,3,3,4,3,3,3,5,1,5,4,4,13,100,103
"D113_AF174557",2,3,2,0,2,3,3,3,3,3,3,3,3,3,3,4,4,3,3,4,3,3,3,5,2,5,4,4,13,100,103
"D5_EU812743",2,3,2,2,0,3,3,3,3,3,3,3,3,3,3,4,4,3,3,4,3,3,3,5,2,5,4,4,13,100,103
"D1.10_HE579039",1,2,3,3,3,0,2,2,2,2,2,2,2,4,1,3,3,2,2,3,4,2,4,4,3,6,5,3,12,99,102
"D1.8_HE579037",1,2,3,3,3,2,0,2,2,2,2,2,2,4,2,3,3,2,2,3,4,2,4,4,2,5,4,3,12,99,102
"D106_AF174559",1,2,3,3,3,2,2,0,2,2,2,2,2,4,2,3,3,2,2,3,4,2,4,4,3,6,5,3,12,99,102
"D111_AF174560",1,2,3,3,3,2,2,2,0,2,2,2,2,4,2,3,3,2,2,3,4,2,4,4,3,6,5,3,12,99,102
"D114_AF174549",1,2,3,3,3,2,2,2,2,0,2,2,2,4,2,3,3,2,2,3,4,2,4,4,3,6,5,3,12,98,101
"D116_AF174571",1,2,3,3,3,2,2,2,2,2,0,2,2,4,2,3,3,2,2,3,4,2,4,4,3,6,5,3,12,98,101
"D122_EU074905",1,2,3,3,3,2,2,2,2,2,2,0,2,2,2,3,3,2,2,3,4,2,4,3,3,6,5,3,12,99,102
"D3_AY686650",1,2,3,3,3,2,2,2,2,2,2,2,0,4,2,3,3,2,2,3,4,2,4,4,3,6,5,3,12,97,100
"D104_AF174572",3,4,3,3,3,4,4,4,4,4,4,2,4,0,4,5,5,4,4,5,4,4,4,5,3,6,5,5,14,99,102
"D110_AF174561",1,2,3,3,3,1,2,2,2,2,2,2,2,4,0,3,3,2,2,3,4,2,4,4,3,6,5,3,12,99,102
"D1.3_JF683337",2,3,4,4,4,3,3,3,3,3,3,3,3,5,3,0,4,3,3,4,5,3,5,5,4,7,6,4,13,98,102
"D105_AF174570",2,3,4,4,4,3,3,3,3,3,3,3,3,5,3,4,0,3,3,4,5,3,5,5,4,7,6,4,12,99,101
"D1.6_HQ630881",1,2,3,3,3,2,2,2,2,2,2,2,2,4,2,3,3,0,2,3,4,2,4,4,3,6,5,3,12,97,100
"D107_AF174568",1,2,3,3,3,2,2,2,2,2,2,2,2,4,2,3,3,2,0,3,4,2,4,4,3,6,5,3,12,99,101
"D1.11_HE579040",2,3,4,4,4,3,3,3,3,3,3,3,3,5,3,4,4,3,3,0,5,3,5,5,4,7,6,4,13,97,102
"D124_EU074897",3,4,3,3,3,4,4,4,4,4,4,4,4,4,4,5,5,4,4,5,0,4,2,6,3,6,5,5,14,101,104
"D102_AF174573",1,2,3,3,3,2,2,2,2,2,2,2,2,4,2,3,3,2,2,3,4,0,4,4,3,6,5,3,12,99,102
"D1a.2_JF683339",3,4,3,3,3,4,4,4,4,4,4,4,4,4,4,5,5,4,4,5,2,4,0,6,3,6,5,5,14,102,105
"D11_EU812740",3,4,5,5,5,4,4,4,4,4,4,3,4,5,4,5,5,4,4,5,6,4,6,0,5,8,7,5,14,99,102
"D2_AY686649",2,3,1,2,2,3,2,3,3,3,3,3,3,3,3,4,4,3,3,4,3,3,3,5,0,4,3,4,13,94,98
"D109_AB097465",5,6,5,5,5,6,5,6,6,6,6,6,6,6,6,7,7,6,6,7,6,6,6,8,4,0,3,7,14,100,103
"D8_EU812748",4,5,4,4,4,5,4,5,5,5,5,5,5,5,5,6,6,5,5,6,5,5,5,7,3,3,0,6,15,99,102
"D100_AF411415",2,3,4,4,4,3,3,3,3,3,3,3,3,5,3,4,4,3,3,4,5,3,5,5,4,7,6,0,13,98,101
"D119_EU099832",11,12,13,13,13,12,12,12,12,12,12,12,12,14,12,13,12,12,12,13,14,12,14,14,13,14,15,13,0,104,105
"D1.1_AM748564",98,99,100,100,100,99,99,99,99,98,98,99,97,99,99,98,99,97,99,97,101,99,102,99,94,100,99,98,104,0,31
"D1.2_AM748617",101,102,103,103,103,102,102,102,102,101,101,102,100,102,102,102,101,100,101,102,104,102,105,102,98,103,102,101,105,31,0
